data;descricao;documento;valor;id;conta;historico;complemento;regra;status
01/09/2026;APLICACAO AUT MAIS;20260901001;-500.00;20260901001;48;;APLICACAO AUT MAIS;Aplicação automática Itaú;CONFIRMADO
01/09/2026;PIX ENVIADO 52.313.155 MAYCON PAULINO PEREIRA 52.313.155/0001-81;20260901002;-3000.00;20260901002;;;;MEI (CNPJ): perguntar à usuária - 362 só para CPF;
01/09/2026;PIX ENVIADO 61.173.722 CAROLINE RIBEIRO 61.173.722/0001-32;20260901003;-4900.00;20260901003;;;;MEI (CNPJ): perguntar à usuária - 362 só para CPF;
01/09/2026;RECEBIMENTOS KOPP INDUSTRIA E COMERCIO DE PRODUTOS ODONTOLOGICOS LTDA. 02.967.738/0001-58;20260901004;8400.00;20260901004;152;;RECEBIMENTOS KOPP INDUSTRIA E COMERCIO DE PRODUTOS ODONTOLOGICOS LTDA. 02.967.738/0001-58;Mútuo KOPP Indústria (entrada);CONFIRMADO
02/09/2026;IOF;20260902001;-0.01;20260902001;601;;IOF;IOF;CONFIRMADO
02/09/2026;TAR PLANO ADAPT 1 08/26 SERV SEM NOME CONTRAPART 60701190000104;20260902002;-169.00;20260902002;374;;TAR PLANO ADAPT 1 08/26 SERV SEM NOME CONTRAPART 60701190000104;Tarifas bancárias;CONFIRMADO
02/09/2026;RESGATE APLIC AUT MAIS;20260902003;169.00;20260902003;48;;RESGATE APLIC AUT MAIS;Resgate aplicação automática Itaú;CONFIRMADO
02/09/2026;REND PAGO APLIC AUT MAIS;20260902004;0.01;20260902004;432;;REND PAGO APLIC AUT MAIS;Rendimento aplicação automática;CONFIRMADO
03/09/2026;APLICACAO AUT MAIS;20260903001;-3444.69;20260903001;48;;APLICACAO AUT MAIS;Aplicação automática Itaú;CONFIRMADO
03/09/2026;RECEBIMENTOS KOPP INDUSTRIA E COMERCIO DE PRODUTOS ODONTOLOGICOS LTDA. 02.967.738/0001-58;20260903002;10300.00;20260903002;152;;RECEBIMENTOS KOPP INDUSTRIA E COMERCIO DE PRODUTOS ODONTOLOGICOS LTDA. 02.967.738/0001-58;Mútuo KOPP Indústria (entrada);CONFIRMADO
03/09/2026;SISPAG SALARIOS;20260903003;-3470.40;202609030030;187;;SISPAG SALARIOS - SALARIO 08/2026 GABRIELA WACHTEL DE OLIVEIRA;Folha: salário líquido (início do mês);CONFIRMADO
03/09/2026;SISPAG SALARIOS;20260903003;-1168.52;202609030031;187;;SISPAG SALARIOS - SALARIO 08/2026 PAOLA DE SOUZA;Folha: salário líquido (início do mês);CONFIRMADO
03/09/2026;SISPAG SALARIOS;20260903003;-882.12;202609030032;187;;SISPAG SALARIOS - SALARIO 08/2026 IZABELE BALBINO FERREIRA ALVES;Folha: salário líquido (início do mês);CONFIRMADO
03/09/2026;SISPAG SALARIOS;20260903003;-321.23;202609030033;187;;SISPAG SALARIOS - SALARIO 08/2026 CAMILLY DEISE BORTOLAN;Folha: salário líquido (início do mês);CONFIRMADO
03/09/2026;SISPAG SALARIOS;20260903003;-1013.04;20260903003M;362;;SISPAG SALARIOS - MAIKON ALEXANDRE DOMINGOS - SEM FOLHA (ADMITIDO EM 15/09/2026);Usuária 06/10/2026: admitido 15/09, sem folha em agosto;CONFIRMADO
04/09/2026;PIX ENVIADO HERIK AUGUSTO MELO LEE 56955979272 40.012.394/0001-12;20260904001;-3509.01;20260904001;506;;PIX ENVIADO HERIK AUGUSTO MELO LEE - NF 4 HERIK AUGUSTO MELO LEE;Herik Augusto Melo Lee (MEI, NF);CONFIRMADO
04/09/2026;RESGATE APLIC AUT MAIS;20260904002;3508.99;20260904002;48;;RESGATE APLIC AUT MAIS;Resgate aplicação automática Itaú;CONFIRMADO
04/09/2026;REND PAGO APLIC AUT MAIS;20260904003;0.02;20260904003;432;;REND PAGO APLIC AUT MAIS;Rendimento aplicação automática;CONFIRMADO
09/09/2026;PIX ENVIADO DANTAS E CHARELLO ADVOGADOS ASSOCIADOS 60.047.468/0001-63;20260909001;-1000.00;20260909001;366;;PIX ENVIADO DANTAS E CHARELLO ADVOGADOS ASSOCIADOS 60.047.468/0001-63;Dantas e Charello Advogados;CONFIRMADO
09/09/2026;RECEBIMENTOS KOPP INDUSTRIA E COMERCIO DE PRODUTOS ODONTOLOGICOS LTDA. 02.967.738/0001-58;20260909002;1000.00;20260909002;152;;RECEBIMENTOS KOPP INDUSTRIA E COMERCIO DE PRODUTOS ODONTOLOGICOS LTDA. 02.967.738/0001-58;Mútuo KOPP Indústria (entrada);CONFIRMADO
10/09/2026;BOLETO PAGO RBA CONTABIL RBA CONTABILIDADE LTDA 29.650.531/0001-01;20260910001;-1000.00;20260910001;510;;BOLETO PAGO RBA CONTABIL RBA CONTABILIDADE LTDA 29.650.531/0001-01;RBA Contabilidade (mesmo CNPJ Paes e Bastos);CONFIRMADO
10/09/2026;BOLETO PAGO SINDICATO DO SINDICATO DOS EMPREGADOS NO COMERCIO DE 76.586.346/0001-85;20260910002;-739.87;20260910002;491;;BOLETO PAGO SINDICATO DOS EMPREGADOS NO COMERCIO - CONTR. ASSISTENCIAL 08/2026;Tela Pagamentos/Encargos 08/2026: Contr. Assistencial 739,87;CONFIRMADO
10/09/2026;RECEBIMENTOS KOPP INDUSTRIA E COMERCIO DE PRODUTOS ODONTOLOGICOS LTDA. 02.967.738/0001-58;20260910003;1700.00;20260910003;152;;RECEBIMENTOS KOPP INDUSTRIA E COMERCIO DE PRODUTOS ODONTOLOGICOS LTDA. 02.967.738/0001-58;Mútuo KOPP Indústria (entrada);CONFIRMADO
10/09/2026;RESGATE APLIC AUT MAIS;20260910004;39.87;20260910004;48;;RESGATE APLIC AUT MAIS;Resgate aplicação automática Itaú;CONFIRMADO
15/09/2026;APLICACAO AUT MAIS;20260915001;-24.80;20260915001;48;;APLICACAO AUT MAIS;Aplicação automática Itaú;CONFIRMADO
15/09/2026;PIX ENVIADO 52.313.155 MAYCON PAULINO PEREIRA 52.313.155/0001-81;20260915002;-2000.00;20260915002;;;;MEI (CNPJ): perguntar à usuária - 362 só para CPF;
15/09/2026;PIX ENVIADO 61.173.722 CAROLINE RIBEIRO 61.173.722/0001-32;20260915003;-2600.00;20260915003;;;;MEI (CNPJ): perguntar à usuária - 362 só para CPF;
15/09/2026;BOLETO PAGO MEDME CONVEN MEDME CONVENIOS LTDA 49.554.562/0001-76;20260915004;-566.31;20260915004;506;;BOLETO PAGO MEDME CONVEN MEDME CONVENIOS LTDA 49.554.562/0001-76;MEDME Convênios;CONFIRMADO
15/09/2026;BOLETO PAGO UNIMED CURIT UNIMED CURITIBA SOCIEDADE COOPERATIVA 75.055.772/0001-20;20260915005;-1312.09;20260915005;506;;BOLETO PAGO UNIMED CURIT - NF 1131080 UNIMED;Unimed (NF pela Escrita Fiscal);CONFIRMADO
15/09/2026;BOLETO PAGO VK DRILLER E VK DRILLER EQUIPAMENTOS ELETRICOS LTDA 68.996.560/0001-81;20260915006;-1096.80;20260915006;506;;BOLETO PAGO VK DRILLER E VK DRILLER EQUIPAMENTOS ELETRICOS LTDA 68.996.560/0001-81;VK Driller (NF parcelada);CONFIRMADO
15/09/2026;RECEBIMENTOS KOPP INDUSTRIA E COMERCIO DE PRODUTOS ODONTOLOGICOS LTDA. 02.967.738/0001-58;20260915007;3000.00;20260915007;152;;RECEBIMENTOS KOPP INDUSTRIA E COMERCIO DE PRODUTOS ODONTOLOGICOS LTDA. 02.967.738/0001-58;Mútuo KOPP Indústria (entrada);CONFIRMADO
15/09/2026;RECEBIMENTOS KOPP INDUSTRIA E COMERCIO DE PRODUTOS ODONTOLOGICOS LTDA. 02.967.738/0001-58;20260915008;4600.00;20260915008;152;;RECEBIMENTOS KOPP INDUSTRIA E COMERCIO DE PRODUTOS ODONTOLOGICOS LTDA. 02.967.738/0001-58;Mútuo KOPP Indústria (entrada);CONFIRMADO
18/09/2026;PAGAMENTOS CAJU 33.449.007/0001-44;20260918001;-3040.00;20260918001;595;;PAGAMENTOS CAJU 33.449.007/0001-44;CAJU (Empresa Brasileira de Benefícios) - VA/VR;CONFIRMADO
18/09/2026;PAGAMENTOS CEF MATRIZ 00.360.305/0001-04;20260918002;-1392.67;20260918002;192;;PAGAMENTOS CEF MATRIZ - FGTS FOLHA 08/2026;Tela Pagamentos/Encargos 08/2026: FGTS 1.392,67;CONFIRMADO
18/09/2026;PAGAMENTOS CEF MATRIZ 00.360.305/0001-04;20260918002;-1904.02;20260918002C;619;;PAGAMENTOS CEF MATRIZ - EMP. CRED. TRABALHADOR 08/2026;Tela Pagamentos/Encargos 08/2026: Emp. Créd. Trabalhador 1.904,02;CONFIRMADO
18/09/2026;PAGAMENTOS RECEITA FEDERAL 00.394.460/0058-87;20260918003;-1476.20;20260918003;191;;PAGAMENTOS RECEITA FEDERAL - INSS FOLHA 08/2026;Tela Pagamentos/Encargos 08/2026: Tributos federais 1.476,20;CONFIRMADO
18/09/2026;APLICACAO AUT MAIS;20260918004;-1556.13;20260918004;48;;APLICACAO AUT MAIS;Aplicação automática Itaú;CONFIRMADO
18/09/2026;PIX ENVIADO FRANCINE KEPPE WISCHRAL 125.916.269-95;20260918005;-720.00;20260918005;362;;PIX ENVIADO FRANCINE KEPPE WISCHRAL - SERVICOS PRESTADOS;Decisão usuária 06/10/2026: 362;CONFIRMADO
18/09/2026;RECEBIMENTOS KOPP INDUSTRIA E COMERCIO DE PRODUTOS ODONTOLOGICOS LTDA. 02.967.738/0001-58;20260918006;15000.00;20260918006;152;;RECEBIMENTOS KOPP INDUSTRIA E COMERCIO DE PRODUTOS ODONTOLOGICOS LTDA. 02.967.738/0001-58;Mútuo KOPP Indústria (entrada);CONFIRMADO
18/09/2026;SISPAG SALARIOS;20260918007;-1149.38;202609180070;25;;SISPAG SALARIOS - ADIANTAMENTO 09/2026 POLIANA LIMA GOMES;Extrato Mensal adiantamento 09/2026;CONFIRMADO
18/09/2026;SISPAG SALARIOS;20260918007;-1008.00;202609180071;25;;SISPAG SALARIOS - ADIANTAMENTO 09/2026 PAOLA DE SOUZA;Extrato Mensal adiantamento 09/2026;CONFIRMADO
18/09/2026;SISPAG SALARIOS;20260918007;-1008.00;202609180072;25;;SISPAG SALARIOS - ADIANTAMENTO 09/2026 CAMILLY DEISE BORTOLAN;Extrato Mensal adiantamento 09/2026;CONFIRMADO
18/09/2026;SISPAG SALARIOS;20260918007;-872.80;202609180073;25;;SISPAG SALARIOS - ADIANTAMENTO 09/2026 IZABELE BALBINO FERREIRA ALVES;Extrato Mensal adiantamento 09/2026;CONFIRMADO
18/09/2026;SISPAG SALARIOS;20260918007;-872.80;20260918007M;25;;SISPAG SALARIOS - ADIANTAMENTO 09/2026 MAIKON ALEXANDRE DOMINGOS RODRIGUES;Extrato Mensal adiantamento 09/2026;CONFIRMADO
21/09/2026;PAGAMENTOS CAJU 33.449.007/0001-44;20260921001;-2000.00;20260921001;595;;PAGAMENTOS CAJU 33.449.007/0001-44;CAJU (Empresa Brasileira de Benefícios) - VA/VR;CONFIRMADO
21/09/2026;PIX ENVIADO 57.408.954 MARIA SAMARA ROCHA DE SOUSA 57.408.954/0001-55;20260921002;-3500.00;20260921002;506;;PIX ENVIADO 57.408.954 MARIA SAMARA ROCHA - NF 29 MARIA SAMARA;Maria Samara Rocha (design, NF);CONFIRMADO
21/09/2026;PIX ENVIADO 61.173.722 CAROLINE RIBEIRO 61.173.722/0001-32;20260921003;-280.00;20260921003;;;;MEI (CNPJ): perguntar à usuária - 362 só para CPF;
21/09/2026;BOLETO PAGO SEGS SERVICO SEGS SERVICOS LTDA 11.105.166/0001-99;20260921004;-246.50;20260921004;506;;BOLETO PAGO SEGS SERVICO - NF 2739 SEGS SERVICOS;SEGS Serviços (NF);CONFIRMADO
21/09/2026;RECEBIMENTOS KOPP INDUSTRIA E COMERCIO DE PRODUTOS ODONTOLOGICOS LTDA. 02.967.738/0001-58;20260921005;3500.00;20260921005;152;;RECEBIMENTOS KOPP INDUSTRIA E COMERCIO DE PRODUTOS ODONTOLOGICOS LTDA. 02.967.738/0001-58;Mútuo KOPP Indústria (entrada);CONFIRMADO
21/09/2026;RECEBIMENTOS KOPP INDUSTRIA E COMERCIO DE PRODUTOS ODONTOLOGICOS LTDA. 02.967.738/0001-58;20260921006;1000.00;20260921006;152;;RECEBIMENTOS KOPP INDUSTRIA E COMERCIO DE PRODUTOS ODONTOLOGICOS LTDA. 02.967.738/0001-58;Mútuo KOPP Indústria (entrada);CONFIRMADO
21/09/2026;RESGATE APLIC AUT MAIS;20260921007;1526.47;20260921007;48;;RESGATE APLIC AUT MAIS;Resgate aplicação automática Itaú;CONFIRMADO
21/09/2026;REND PAGO APLIC AUT MAIS;20260921008;0.03;20260921008;432;;REND PAGO APLIC AUT MAIS;Rendimento aplicação automática;CONFIRMADO
25/09/2026;ITAU SEG VIDA GLOB;20260925001;-235.51;20260925001;358;;ITAU SEG VIDA GLOB;Seguro de vida Itaú;CONFIRMADO
25/09/2026;BOLETO PAGO DENTAL UNI - DENTAL UNI - COOPERATIVA ODONTOLOGICA 78.738.101/0001-51;20260925002;-76.24;20260925002;506;;BOLETO PAGO DENTAL UNI - NF 821924 DENTAL UNI;Decisão usuária 06/10/2026: valor inteiro na 506;CONFIRMADO
25/09/2026;RESGATE APLIC AUT MAIS;20260925003;311.74;20260925003;48;;RESGATE APLIC AUT MAIS;Resgate aplicação automática Itaú;CONFIRMADO
25/09/2026;REND PAGO APLIC AUT MAIS;20260925004;0.01;20260925004;432;;REND PAGO APLIC AUT MAIS;Rendimento aplicação automática;CONFIRMADO
30/09/2026;PAGAMENTOS CAJU 33.449.007/0001-44;20260930001;-180.00;20260930001;595;;PAGAMENTOS CAJU 33.449.007/0001-44;CAJU (Empresa Brasileira de Benefícios) - VA/VR;CONFIRMADO
30/09/2026;PAGAMENTOS VR BENEFICIOS E SERVICOS DE PROCESSAMENTO INSTITUICAO DE PAGAMENTO S.A. 02.535.864/0001-33;20260930002;-4140.00;20260930002;595;;PAGAMENTOS VR BENEFICIOS E SERVICOS DE PROCESSAMENTO INSTITUICAO DE PAGAMENTO S.A. 02.535.864/0001-33;VR Benefícios (VA/VR);CONFIRMADO
30/09/2026;APLICACAO AUT MAIS;20260930003;-4159.57;20260930003;48;;APLICACAO AUT MAIS;Aplicação automática Itaú;CONFIRMADO
30/09/2026;BOLETO PAGO FUNDO DE URB FUNDO DE URBANIZACAO DE CURITIBA 14.682.109/0001-60;20260930004;-520.43;20260930004;591;;BOLETO PAGO FUNDO DE URB FUNDO DE URBANIZACAO DE CURITIBA 14.682.109/0001-60;Vale transporte - Fundo de Urbanização de Curitiba;CONFIRMADO
30/09/2026;RECEBIMENTOS KOPP INDUSTRIA E COMERCIO DE PRODUTOS ODONTOLOGICOS LTDA. 02.967.738/0001-58;20260930005;9000.00;20260930005;152;;RECEBIMENTOS KOPP INDUSTRIA E COMERCIO DE PRODUTOS ODONTOLOGICOS LTDA. 02.967.738/0001-58;Mútuo KOPP Indústria (entrada);CONFIRMADO
