data;descricao;documento;valor;id
01/09/2026;APLICACAO AUT MAIS;20260901001;-500.00;20260901001
01/09/2026;PIX ENVIADO 52.313.155 MAYCON PAULINO PEREIRA 52.313.155/0001-81;20260901002;-3000.00;20260901002
01/09/2026;PIX ENVIADO 61.173.722 CAROLINE RIBEIRO 61.173.722/0001-32;20260901003;-4900.00;20260901003
01/09/2026;RECEBIMENTOS KOPP INDUSTRIA E COMERCIO DE PRODUTOS ODONTOLOGICOS LTDA. 02.967.738/0001-58;20260901004;8400.00;20260901004
02/09/2026;IOF;20260902001;-0.01;20260902001
02/09/2026;TAR PLANO ADAPT 1 08/26 SERV SEM NOME CONTRAPART 60701190000104;20260902002;-169.00;20260902002
02/09/2026;RESGATE APLIC AUT MAIS;20260902003;169.00;20260902003
02/09/2026;REND PAGO APLIC AUT MAIS;20260902004;0.01;20260902004
03/09/2026;APLICACAO AUT MAIS;20260903001;-3444.69;20260903001
03/09/2026;RECEBIMENTOS KOPP INDUSTRIA E COMERCIO DE PRODUTOS ODONTOLOGICOS LTDA. 02.967.738/0001-58;20260903002;10300.00;20260903002
03/09/2026;SISPAG SALARIOS;20260903003;-6855.31;20260903003
04/09/2026;PIX ENVIADO HERIK AUGUSTO MELO LEE 56955979272 40.012.394/0001-12;20260904001;-3509.01;20260904001
04/09/2026;RESGATE APLIC AUT MAIS;20260904002;3508.99;20260904002
04/09/2026;REND PAGO APLIC AUT MAIS;20260904003;0.02;20260904003
09/09/2026;PIX ENVIADO DANTAS E CHARELLO ADVOGADOS ASSOCIADOS 60.047.468/0001-63;20260909001;-1000.00;20260909001
09/09/2026;RECEBIMENTOS KOPP INDUSTRIA E COMERCIO DE PRODUTOS ODONTOLOGICOS LTDA. 02.967.738/0001-58;20260909002;1000.00;20260909002
10/09/2026;BOLETO PAGO RBA CONTABIL RBA CONTABILIDADE LTDA 29.650.531/0001-01;20260910001;-1000.00;20260910001
10/09/2026;BOLETO PAGO SINDICATO DO SINDICATO DOS EMPREGADOS NO COMERCIO DE 76.586.346/0001-85;20260910002;-739.87;20260910002
10/09/2026;RECEBIMENTOS KOPP INDUSTRIA E COMERCIO DE PRODUTOS ODONTOLOGICOS LTDA. 02.967.738/0001-58;20260910003;1700.00;20260910003
10/09/2026;RESGATE APLIC AUT MAIS;20260910004;39.87;20260910004
15/09/2026;APLICACAO AUT MAIS;20260915001;-24.80;20260915001
15/09/2026;PIX ENVIADO 52.313.155 MAYCON PAULINO PEREIRA 52.313.155/0001-81;20260915002;-2000.00;20260915002
15/09/2026;PIX ENVIADO 61.173.722 CAROLINE RIBEIRO 61.173.722/0001-32;20260915003;-2600.00;20260915003
15/09/2026;BOLETO PAGO MEDME CONVEN MEDME CONVENIOS LTDA 49.554.562/0001-76;20260915004;-566.31;20260915004
15/09/2026;BOLETO PAGO UNIMED CURIT UNIMED CURITIBA SOCIEDADE COOPERATIVA 75.055.772/0001-20;20260915005;-1312.09;20260915005
15/09/2026;BOLETO PAGO VK DRILLER E VK DRILLER EQUIPAMENTOS ELETRICOS LTDA 68.996.560/0001-81;20260915006;-1096.80;20260915006
15/09/2026;RECEBIMENTOS KOPP INDUSTRIA E COMERCIO DE PRODUTOS ODONTOLOGICOS LTDA. 02.967.738/0001-58;20260915007;3000.00;20260915007
15/09/2026;RECEBIMENTOS KOPP INDUSTRIA E COMERCIO DE PRODUTOS ODONTOLOGICOS LTDA. 02.967.738/0001-58;20260915008;4600.00;20260915008
18/09/2026;PAGAMENTOS CAJU 33.449.007/0001-44;20260918001;-3040.00;20260918001
18/09/2026;PAGAMENTOS CEF MATRIZ 00.360.305/0001-04;20260918002;-3296.69;20260918002
18/09/2026;PAGAMENTOS RECEITA FEDERAL 00.394.460/0058-87;20260918003;-1476.20;20260918003
18/09/2026;APLICACAO AUT MAIS;20260918004;-1556.13;20260918004
18/09/2026;PIX ENVIADO FRANCINE KEPPE WISCHRAL 125.916.269-95;20260918005;-720.00;20260918005
18/09/2026;RECEBIMENTOS KOPP INDUSTRIA E COMERCIO DE PRODUTOS ODONTOLOGICOS LTDA. 02.967.738/0001-58;20260918006;15000.00;20260918006
18/09/2026;SISPAG SALARIOS;20260918007;-4910.98;20260918007
21/09/2026;PAGAMENTOS CAJU 33.449.007/0001-44;20260921001;-2000.00;20260921001
21/09/2026;PIX ENVIADO 57.408.954 MARIA SAMARA ROCHA DE SOUSA 57.408.954/0001-55;20260921002;-3500.00;20260921002
21/09/2026;PIX ENVIADO 61.173.722 CAROLINE RIBEIRO 61.173.722/0001-32;20260921003;-280.00;20260921003
21/09/2026;BOLETO PAGO SEGS SERVICO SEGS SERVICOS LTDA 11.105.166/0001-99;20260921004;-246.50;20260921004
21/09/2026;RECEBIMENTOS KOPP INDUSTRIA E COMERCIO DE PRODUTOS ODONTOLOGICOS LTDA. 02.967.738/0001-58;20260921005;3500.00;20260921005
21/09/2026;RECEBIMENTOS KOPP INDUSTRIA E COMERCIO DE PRODUTOS ODONTOLOGICOS LTDA. 02.967.738/0001-58;20260921006;1000.00;20260921006
21/09/2026;RESGATE APLIC AUT MAIS;20260921007;1526.47;20260921007
21/09/2026;REND PAGO APLIC AUT MAIS;20260921008;0.03;20260921008
25/09/2026;ITAU SEG VIDA GLOB;20260925001;-235.51;20260925001
25/09/2026;BOLETO PAGO DENTAL UNI - DENTAL UNI - COOPERATIVA ODONTOLOGICA 78.738.101/0001-51;20260925002;-76.24;20260925002
25/09/2026;RESGATE APLIC AUT MAIS;20260925003;311.74;20260925003
25/09/2026;REND PAGO APLIC AUT MAIS;20260925004;0.01;20260925004
30/09/2026;PAGAMENTOS CAJU 33.449.007/0001-44;20260930001;-180.00;20260930001
30/09/2026;PAGAMENTOS VR BENEFICIOS E SERVICOS DE PROCESSAMENTO INSTITUICAO DE PAGAMENTO S.A. 02.535.864/0001-33;20260930002;-4140.00;20260930002
30/09/2026;APLICACAO AUT MAIS;20260930003;-4159.57;20260930003
30/09/2026;BOLETO PAGO FUNDO DE URB FUNDO DE URBANIZACAO DE CURITIBA 14.682.109/0001-60;20260930004;-520.43;20260930004
30/09/2026;RECEBIMENTOS KOPP INDUSTRIA E COMERCIO DE PRODUTOS ODONTOLOGICOS LTDA. 02.967.738/0001-58;20260930005;9000.00;20260930005
